ad_id,ad_name,spend,impressions,link_clicks,purchases,purchase_value,ctr_all,cpc_link,cpm,frequency,roas,cr_link,score
6289581833292.0,Nuevo anuncio de Tráfico,2.417927882,75.13333333333334,4.142857142857143,,,1.8278242,1.7440636271428571,29.25441265466667,1.1142458213333333,,,17.22222222222222
6289582923092.0,Nuevo anuncio de Tráfico - Copia,5.860174072941176,184.8235294117647,4.818181818181818,,,1.7434560811764706,2.1020431563636364,27.800057925882353,1.0607563152941177,,,19.166666666666668
6550959094892.0,Nuevo anuncio de Tráfico,4.00449095076923,59.0,2.25,,,4.360660901538461,2.53996274125,58.100564206923075,1.0221854384615385,,,17.5
,,263044.95,6790948.0,54765.0,,1763.31,1.20152591,4.80315804,38.73464353,7.72650401,0.006703455055875431,,15.0
